study,location,RR_raw,RR_raw_lo,RR_raw_hi,RR_shrunk,RR_shrunk_lo,RR_shrunk_hi
COTS,midshaft,0.2258064516129032,0.0490834496975982,1.0388135696278376,0.14979763772953092,0.06364626985642963,0.39258776172344484
Smekal,midshaft,0.11111111111111109,0.006243329812231785,1.9774190029426773,0.13868173282386845,0.04635691930576978,0.3791314371720533
Mirzatolooei,midshaft,0.25,0.029647862445166494,2.108077778477058,0.14626896360284392,0.0570183744999695,0.4282209463002098
Virtanen,midshaft,0.11822660098522166,0.0064185616973118495,2.1776731049220466,0.13799509594569265,0.04565086042333239,0.3917340039502809
Robinson,midshaft,0.07364341085271317,0.009935599403953957,0.5458505059959686,0.13154191690801395,0.046858993845130224,0.332081034326657
Woltz,midshaft,0.1056910569105691,0.02535353974788443,0.4405932907970085,0.13407901133217784,0.05291934387577908,0.3110211820620799
Hall,distal,0.101010101010101,0.013946537391611617,0.7315823433139468,0.1367799224556122,0.046507077230506615,0.3839509111954507
NeerII_cohort_A,distal,0.16923076923076924,0.040669194307517656,0.7041952451254725,0.14612095900693853,0.05791214016557112,0.389579570078862
NeerII_cohort_B,distal,0.14772727272727273,0.01999630650827004,1.0913689034728666,0.14097098268504635,0.04902444942089171,0.40825654437870856
